2019/11/1,11:21,21:00,9:40:00,作業11-1,田村備考1
2019/11/2,10:00,12:00,9:30,作業11-2,田村備考2
2019/11/3,11:32,21:02,9:30,作業11-3,田村備考3
2019/11/4,11:33,21:03,9:30,作業11-4,田村備考4
2019/11/5,11:34,21:04,9:30,作業11-5,田村備考5
2019/11/6,11:35,21:05,9:30,作業11-6,田村備考6
2019/11/7,11:36,21:06,9:30,作業11-7,田村備考7
2019/11/8,11:37,21:07,9:30,作業11-8,田村備考8
2019/11/9,11:38,21:08,9:30,作業11-9,田村備考9
2019/11/10,11:39,21:09,9:30,作業11-10,田村備考10
2019/11/11,11:40,21:10,9:30,作業11-11,田村備考11
2019/11/12,11:41,21:11,9:30,作業11-12,田村備考12
2019/11/13,11:42,21:12,9:30,作業11-13,田村備考13
2019/11/14,11:43,21:13,9:30,作業11-14,田村備考14
2019/11/15,11:44,21:14,9:30,作業11-15,田村備考15
2019/11/16,11:45,21:15,9:30,作業11-16,田村備考16
2019/11/17,11:46,21:16,9:30,作業11-17,田村備考17
2019/11/18,11:47,21:17,9:30,作業11-18,田村備考18
2019/11/19,11:48,21:18,9:30,作業11-19,田村備考19
2019/11/20,11:49,21:19,9:30,作業11-20,田村備考20
2019/11/21,11:50,21:20,9:30,作業11-21,田村備考21
2019/11/22,11:51,21:21,9:30,作業11-22,田村備考22
2019/11/23,11:52,21:22,9:30,作業11-23,田村備考23
2019/11/24,11:53,21:23,9:30,作業11-24,田村備考24
2019/11/25,11:54,21:24,9:30,作業11-25,田村備考25
2019/11/26,11:55,21:25,9:30,作業11-26,田村備考26
2019/11/27,11:56,21:26,9:30,作業11-27,田村備考27
2019/11/28,11:57,21:27,9:30,作業11-28,田村備考28
2019/11/29,11:58,21:28,9:30,作業11-29,田村備考29
2019/11/30,11:59,21:29,9:30,作業11-30,田村備考30
