2019/11/01,11:21,21:00,09:39:00,作業11-1,安部備考1,
2019/11/02,10:00,12:00,9:30,作業11-2,安部備考2,
2019/11/03,11:32,21:02,9:30,作業11-3,安部備考3,
2019/11/04,11:33,21:03,9:30,作業11-4,安部備考4,
2019/11/05,11:34,21:04,9:30,作業11-5,安部備考5,
2019/11/06,11:35,21:05,9:30,作業11-6,安部備考6,
2019/11/07,11:36,21:06,9:30,作業11-7,安部備考7,
2019/11/08,11:37,21:07,9:30,作業11-8,安部備考8,
2019/11/09,11:38,21:08,9:30,作業11-9,安部備考9,
2019/11/10,11:39,21:09,9:30,作業11-10,安部備考10,
2019/11/11,11:40,21:10,9:30,作業11-11,安部備考11,
2019/11/12,11:41,21:11,9:30,作業11-12,安部備考12,
2019/11/13,11:42,21:12,9:30,作業11-13,安部備考13,
2019/11/14,11:43,21:13,9:30,作業11-14,安部備考14,
2019/11/15,11:44,21:14,9:30,作業11-15,安部備考15,
2019/11/16,11:45,21:15,9:30,作業11-16,安部備考16,
2019/11/17,11:46,21:16,9:30,作業11-17,安部備考17,
2019/11/18,11:47,21:17,9:30,作業11-18,安部備考18,
2019/11/19,14:02,21:18,9:30,作業11-19,安部備考19,
2019/11/20,11:49,21:19,9:30,作業11-20,安部備考20,
2019/11/21,11:50,21:20,9:30,作業11-21,安部備考21,
2019/11/22,11:51,21:21,9:30,作業11-22,安部備考22,
2019/11/23,11:52,21:22,9:30,作業11-23,安部備考23,
2019/11/24,11:53,21:23,9:30,作業11-24,安部備考24,
2019/11/25,11:54,21:24,9:30,作業11-25,安部備考25,
2019/11/26,11:55,21:25,9:30,作業11-26,安部備考26,
2019/11/27,11:56,21:26,9:30,作業11-27,安部備考27,
2019/11/28,11:57,21:27,9:30,作業11-28,安部備考28,
2019/11/29,11:58,21:28,9:30,作業11-29,安部備考29,
2019/11/30,11:59,21:29,9:30,作業11-30,安部備考30,
