2019/10/1,11:30,21:00,9:30,作業10-1,寺尾備考1
2019/10/2,11:31,21:02,9:31,作業10-2,寺尾備考2
2019/10/3,11:32,21:04,9:32,作業10-3,寺尾備考3
2019/10/4,11:33,21:06,9:33,作業10-4,寺尾備考4
2019/10/5,11:34,21:08,9:34,作業10-5,寺尾備考5
2019/10/6,11:35,21:10,9:35,作業10-6,寺尾備考6
2019/10/7,11:36,21:12,9:36,作業10-7,寺尾備考7
2019/10/8,11:37,21:14,9:37,作業10-8,寺尾備考8
2019/10/9,11:38,21:16,9:38,作業10-9,寺尾備考9
2019/10/10,11:39,21:18,9:39,作業10-10,寺尾備考10
2019/10/11,11:40,21:20,9:40,作業10-11,寺尾備考11
2019/10/12,11:41,21:22,9:41,作業10-12,寺尾備考12
2019/10/13,11:42,21:24,9:42,作業10-13,寺尾備考13
2019/10/14,11:43,21:26,9:43,作業10-14,寺尾備考14
2019/10/15,11:44,21:28,9:44,作業10-15,寺尾備考15
2019/10/16,11:45,21:30,9:45,作業10-16,寺尾備考16
2019/10/17,11:46,21:32,9:46,作業10-17,寺尾備考17
2019/10/18,11:47,21:34,9:47,作業10-18,寺尾備考18
2019/10/19,11:48,21:36,9:48,作業10-19,寺尾備考19
2019/10/20,11:49,21:38,9:49,作業10-20,寺尾備考20
2019/10/21,11:50,21:40,9:50,作業10-21,寺尾備考21
2019/10/22,11:51,21:42,9:51,作業10-22,寺尾備考22
2019/10/23,11:52,21:44,9:52,作業10-23,寺尾備考23
2019/10/24,11:53,21:46,9:53,作業10-24,寺尾備考24
2019/10/25,11:54,21:48,9:54,作業10-25,寺尾備考25
2019/10/26,11:55,21:50,9:55,作業10-26,寺尾備考26
2019/10/27,11:56,21:52,9:56,作業10-27,寺尾備考27
2019/10/28,11:57,21:54,9:57,作業10-28,寺尾備考28
2019/10/29,11:58,21:56,9:58,作業10-29,寺尾備考29
2019/10/30,11:59,21:58,9:59,作業10-30,寺尾備考30
2019/10/31,12:00,22:00,10:00,作業10-31,寺尾備考31
